dataset,struct_family,lag_window,decay,r2,r,n_pred
Chamau,lags_only,1d,none,0.06824088090035352,0.3880071302663553,37
Chamau,lags_only,1d,HL3,0.06824088090035352,0.3880071302663554,37
Chamau,lags_only,1d,HL7,0.06824088090035352,0.38800713026635536,37
Chamau,lags_only,1d,HL14,0.06824088090035352,0.38800713026635536,37
Chamau,lags_only,1d,all,0.06824088090035352,0.3880071302663553,37
Chamau,lags_only,3d,none,0.05317024278237836,0.404253192979372,37
Chamau,lags_only,3d,HL3,0.05317024278237836,0.40425319297937196,37
Chamau,lags_only,3d,HL7,0.05317024278237836,0.404253192979372,37
Chamau,lags_only,3d,HL14,0.05317024278237836,0.404253192979372,37
Chamau,lags_only,3d,all,0.05317024278237836,0.404253192979372,37
Chamau,lags_only,5d,none,0.043054821665854504,0.37266610645055037,37
Chamau,lags_only,5d,HL3,0.043054821665854504,0.3726661064505504,37
Chamau,lags_only,5d,HL7,0.043054821665854504,0.3726661064505503,37
Chamau,lags_only,5d,HL14,0.043054821665854504,0.37266610645055037,37
Chamau,lags_only,5d,all,0.043054821665854504,0.3726661064505503,37
Chamau,lags_only,7d,none,0.012916950607414712,0.3566414206728814,37
Chamau,lags_only,7d,HL3,0.012916950607414712,0.35664142067288146,37
Chamau,lags_only,7d,HL7,0.012916950607414712,0.3566414206728814,37
Chamau,lags_only,7d,HL14,0.012916950607414712,0.3566414206728814,37
Chamau,lags_only,7d,all,0.012916950607414712,0.3566414206728814,37
Chamau,lags_only,1_3_5,none,0.09157747233044711,0.40910932470114614,59
Chamau,lags_only,1_3_5,HL3,0.09157747233044711,0.4091093247011461,59
Chamau,lags_only,1_3_5,HL7,0.09157747233044689,0.4091093247011461,59
Chamau,lags_only,1_3_5,HL14,0.09157747233044711,0.40910932470114614,59
Chamau,lags_only,1_3_5,all,0.09157747233044711,0.4091093247011461,59
Chamau,lags_only,1_3_5_7,none,0.07254935327990641,0.39130027621557095,70
Chamau,lags_only,1_3_5_7,HL3,0.07254935327990641,0.39130027621557106,70
Chamau,lags_only,1_3_5_7,HL7,0.07254935327990641,0.39130027621557106,70
Chamau,lags_only,1_3_5_7,HL14,0.07254935327990641,0.39130027621557106,70
Chamau,lags_only,1_3_5_7,all,0.07254935327990641,0.39130027621557106,70
Chamau,lags_only,3_5_7,none,0.04454013189629347,0.37584600988386163,59
Chamau,lags_only,3_5_7,HL3,0.04454013189629347,0.37584600988386163,59
Chamau,lags_only,3_5_7,HL7,0.04454013189629347,0.37584600988386163,59
Chamau,lags_only,3_5_7,HL14,0.04454013189629347,0.37584600988386163,59
Chamau,lags_only,3_5_7,all,0.04454013189629347,0.37584600988386163,59
Chamau,roll_mean_only,1d,none,0.1660603309862082,0.5033345906707412,92
Chamau,roll_mean_only,1d,HL3,0.1660603309862082,0.5033345906707412,92
Chamau,roll_mean_only,1d,HL7,0.1660603309862082,0.5033345906707412,92
Chamau,roll_mean_only,1d,HL14,0.1660603309862082,0.5033345906707413,92
Chamau,roll_mean_only,1d,all,0.1660603309862082,0.5033345906707413,92
Chamau,roll_mean_only,3d,none,0.1660603309862082,0.5033345906707412,92
Chamau,roll_mean_only,3d,HL3,0.1660603309862082,0.5033345906707414,92
Chamau,roll_mean_only,3d,HL7,0.1660603309862082,0.5033345906707412,92
Chamau,roll_mean_only,3d,HL14,0.1660603309862082,0.5033345906707412,92
Chamau,roll_mean_only,3d,all,0.1660603309862082,0.5033345906707413,92
Chamau,roll_mean_only,5d,none,0.1660603309862082,0.5033345906707412,92
Chamau,roll_mean_only,5d,HL3,0.1660603309862082,0.5033345906707412,92
Chamau,roll_mean_only,5d,HL7,0.1660603309862082,0.5033345906707413,92
Chamau,roll_mean_only,5d,HL14,0.1660603309862082,0.5033345906707412,92
Chamau,roll_mean_only,5d,all,0.1660603309862082,0.5033345906707413,92
Chamau,roll_mean_only,7d,none,0.1660603309862082,0.5033345906707412,92
Chamau,roll_mean_only,7d,HL3,0.1660603309862082,0.5033345906707412,92
Chamau,roll_mean_only,7d,HL7,0.1660603309862082,0.5033345906707412,92
Chamau,roll_mean_only,7d,HL14,0.1660603309862082,0.5033345906707412,92
Chamau,roll_mean_only,7d,all,0.1660603309862082,0.5033345906707413,92
Chamau,roll_mean_only,1_3_5,none,0.1660603309862081,0.5033345906707413,92
Chamau,roll_mean_only,1_3_5,HL3,0.1660603309862081,0.5033345906707412,92
Chamau,roll_mean_only,1_3_5,HL7,0.1660603309862082,0.5033345906707413,92
Chamau,roll_mean_only,1_3_5,HL14,0.1660603309862082,0.5033345906707412,92
Chamau,roll_mean_only,1_3_5,all,0.1660603309862082,0.5033345906707412,92
Chamau,roll_mean_only,1_3_5_7,none,0.1660603309862082,0.5033345906707413,92
Chamau,roll_mean_only,1_3_5_7,HL3,0.1660603309862082,0.5033345906707413,92
Chamau,roll_mean_only,1_3_5_7,HL7,0.1660603309862082,0.5033345906707412,92
Chamau,roll_mean_only,1_3_5_7,HL14,0.1660603309862082,0.5033345906707413,92
Chamau,roll_mean_only,1_3_5_7,all,0.1660603309862082,0.5033345906707412,92
Chamau,roll_mean_only,3_5_7,none,0.1660603309862082,0.5033345906707412,92
Chamau,roll_mean_only,3_5_7,HL3,0.1660603309862082,0.5033345906707412,92
Chamau,roll_mean_only,3_5_7,HL7,0.1660603309862082,0.5033345906707412,92
Chamau,roll_mean_only,3_5_7,HL14,0.1660603309862082,0.5033345906707412,92
Chamau,roll_mean_only,3_5_7,all,0.1660603309862082,0.5033345906707413,92
Chamau,roll_sum_only,1d,none,0.1660603309862082,0.5033345906707412,92
Chamau,roll_sum_only,1d,HL3,0.1660603309862082,0.5033345906707412,92
Chamau,roll_sum_only,1d,HL7,0.1660603309862082,0.5033345906707412,92
Chamau,roll_sum_only,1d,HL14,0.1660603309862082,0.5033345906707412,92
Chamau,roll_sum_only,1d,all,0.1660603309862082,0.5033345906707413,92
Chamau,roll_sum_only,3d,none,0.1660603309862082,0.5033345906707413,92
Chamau,roll_sum_only,3d,HL3,0.1660603309862081,0.5033345906707412,92
Chamau,roll_sum_only,3d,HL7,0.1660603309862081,0.5033345906707412,92
Chamau,roll_sum_only,3d,HL14,0.1660603309862082,0.5033345906707413,92
Chamau,roll_sum_only,3d,all,0.1660603309862082,0.5033345906707412,92
Chamau,roll_sum_only,5d,none,0.1660603309862082,0.5033345906707412,92
Chamau,roll_sum_only,5d,HL3,0.1660603309862082,0.5033345906707413,92
Chamau,roll_sum_only,5d,HL7,0.1660603309862082,0.5033345906707413,92
Chamau,roll_sum_only,5d,HL14,0.1660603309862082,0.5033345906707413,92
Chamau,roll_sum_only,5d,all,0.1660603309862082,0.5033345906707413,92
Chamau,roll_sum_only,7d,none,0.1660603309862082,0.5033345906707413,92
Chamau,roll_sum_only,7d,HL3,0.1660603309862082,0.5033345906707412,92
Chamau,roll_sum_only,7d,HL7,0.1660603309862082,0.5033345906707412,92
Chamau,roll_sum_only,7d,HL14,0.1660603309862082,0.5033345906707413,92
Chamau,roll_sum_only,7d,all,0.1660603309862082,0.5033345906707412,92
Chamau,roll_sum_only,1_3_5,none,0.1660603309862082,0.5033345906707412,92
Chamau,roll_sum_only,1_3_5,HL3,0.1660603309862082,0.5033345906707412,92
Chamau,roll_sum_only,1_3_5,HL7,0.1660603309862082,0.5033345906707413,92
Chamau,roll_sum_only,1_3_5,HL14,0.1660603309862082,0.5033345906707412,92
Chamau,roll_sum_only,1_3_5,all,0.1660603309862082,0.5033345906707413,92
Chamau,roll_sum_only,1_3_5_7,none,0.1660603309862082,0.5033345906707412,92
Chamau,roll_sum_only,1_3_5_7,HL3,0.1660603309862082,0.5033345906707412,92
Chamau,roll_sum_only,1_3_5_7,HL7,0.1660603309862082,0.5033345906707412,92
Chamau,roll_sum_only,1_3_5_7,HL14,0.1660603309862082,0.5033345906707413,92
Chamau,roll_sum_only,1_3_5_7,all,0.1660603309862082,0.5033345906707412,92
Chamau,roll_sum_only,3_5_7,none,0.1660603309862082,0.5033345906707412,92
Chamau,roll_sum_only,3_5_7,HL3,0.1660603309862082,0.5033345906707412,92
Chamau,roll_sum_only,3_5_7,HL7,0.1660603309862082,0.5033345906707413,92
Chamau,roll_sum_only,3_5_7,HL14,0.1660603309862082,0.5033345906707412,92
Chamau,roll_sum_only,3_5_7,all,0.1660603309862081,0.5033345906707413,92
Chamau,lags_plus_roll,1d,none,0.17403290733386245,0.505284307852425,103
Chamau,lags_plus_roll,1d,HL3,0.17403290733386245,0.505284307852425,103
Chamau,lags_plus_roll,1d,HL7,0.17403290733386245,0.505284307852425,103
Chamau,lags_plus_roll,1d,HL14,0.17403290733386245,0.505284307852425,103
Chamau,lags_plus_roll,1d,all,0.17403290733386245,0.505284307852425,103
Chamau,lags_plus_roll,3d,none,0.155555609697139,0.4969747450288057,103
Chamau,lags_plus_roll,3d,HL3,0.155555609697139,0.4969747450288056,103
Chamau,lags_plus_roll,3d,HL7,0.155555609697139,0.4969747450288057,103
Chamau,lags_plus_roll,3d,HL14,0.155555609697139,0.4969747450288057,103
Chamau,lags_plus_roll,3d,all,0.1555556096971391,0.4969747450288056,103
Chamau,lags_plus_roll,5d,none,0.15792763098994567,0.49047156973163425,103
Chamau,lags_plus_roll,5d,HL3,0.15792763098994567,0.49047156973163425,103
Chamau,lags_plus_roll,5d,HL7,0.15792763098994567,0.49047156973163425,103
Chamau,lags_plus_roll,5d,HL14,0.15792763098994567,0.4904715697316343,103
Chamau,lags_plus_roll,5d,all,0.15792763098994567,0.4904715697316343,103
Chamau,lags_plus_roll,7d,none,0.14996298222181137,0.48672854694337553,103
Chamau,lags_plus_roll,7d,HL3,0.14996298222181137,0.48672854694337553,103
Chamau,lags_plus_roll,7d,HL7,0.14996298222181148,0.48672854694337553,103
Chamau,lags_plus_roll,7d,HL14,0.14996298222181137,0.48672854694337553,103
Chamau,lags_plus_roll,7d,all,0.14996298222181137,0.4867285469433755,103
Chamau,lags_plus_roll,1_3_5,none,0.16134160532966368,0.4868994536746361,125
Chamau,lags_plus_roll,1_3_5,HL3,0.16134160532966368,0.48689945367463605,125
Chamau,lags_plus_roll,1_3_5,HL7,0.16134160532966368,0.48689945367463616,125
Chamau,lags_plus_roll,1_3_5,HL14,0.16134160532966368,0.48689945367463605,125
Chamau,lags_plus_roll,1_3_5,all,0.16134160532966368,0.48689945367463605,125
Chamau,lags_plus_roll,1_3_5_7,none,0.16458047203195447,0.49974711628541546,136
Chamau,lags_plus_roll,1_3_5_7,HL3,0.16458047203195458,0.4997471162854154,136
Chamau,lags_plus_roll,1_3_5_7,HL7,0.16458047203195447,0.4997471162854154,136
Chamau,lags_plus_roll,1_3_5_7,HL14,0.16458047203195447,0.49974711628541546,136
Chamau,lags_plus_roll,1_3_5_7,all,0.16458047203195447,0.4997471162854154,136
Chamau,lags_plus_roll,3_5_7,none,0.156505994749652,0.48698643142887743,125
Chamau,lags_plus_roll,3_5_7,HL3,0.156505994749652,0.48698643142887743,125
Chamau,lags_plus_roll,3_5_7,HL7,0.156505994749652,0.48698643142887743,125
Chamau,lags_plus_roll,3_5_7,HL14,0.156505994749652,0.4869864314288774,125
Chamau,lags_plus_roll,3_5_7,all,0.156505994749652,0.48698643142887743,125
Chamau,full_temporal,1d,none,0.17403290733386245,0.505284307852425,103
Chamau,full_temporal,1d,HL3,0.17403290733386245,0.505284307852425,103
Chamau,full_temporal,1d,HL7,0.17403290733386245,0.505284307852425,103
Chamau,full_temporal,1d,HL14,0.17403290733386245,0.505284307852425,103
Chamau,full_temporal,1d,all,0.17403290733386245,0.505284307852425,103
Chamau,full_temporal,3d,none,0.1555556096971391,0.4969747450288057,103
Chamau,full_temporal,3d,HL3,0.155555609697139,0.4969747450288057,103
Chamau,full_temporal,3d,HL7,0.155555609697139,0.4969747450288057,103
Chamau,full_temporal,3d,HL14,0.1555556096971391,0.4969747450288056,103
Chamau,full_temporal,3d,all,0.1555556096971391,0.4969747450288057,103
Chamau,full_temporal,5d,none,0.15792763098994567,0.4904715697316343,103
Chamau,full_temporal,5d,HL3,0.15792763098994567,0.49047156973163425,103
Chamau,full_temporal,5d,HL7,0.15792763098994567,0.49047156973163425,103
Chamau,full_temporal,5d,HL14,0.15792763098994567,0.49047156973163425,103
Chamau,full_temporal,5d,all,0.15792763098994567,0.4904715697316343,103
Chamau,full_temporal,7d,none,0.14996298222181137,0.4867285469433756,103
Chamau,full_temporal,7d,HL3,0.14996298222181137,0.4867285469433755,103
Chamau,full_temporal,7d,HL7,0.14996298222181137,0.4867285469433756,103
Chamau,full_temporal,7d,HL14,0.14996298222181137,0.4867285469433755,103
Chamau,full_temporal,7d,all,0.14996298222181137,0.4867285469433755,103
Chamau,full_temporal,1_3_5,none,0.1613416053296638,0.486899453674636,125
Chamau,full_temporal,1_3_5,HL3,0.16134160532966368,0.48689945367463616,125
Chamau,full_temporal,1_3_5,HL7,0.16134160532966368,0.48689945367463605,125
Chamau,full_temporal,1_3_5,HL14,0.16134160532966368,0.4868994536746361,125
Chamau,full_temporal,1_3_5,all,0.1613416053296639,0.48689945367463605,125
Chamau,full_temporal,1_3_5_7,none,0.16458047203195447,0.4997471162854154,136
Chamau,full_temporal,1_3_5_7,HL3,0.16458047203195458,0.49974711628541546,136
Chamau,full_temporal,1_3_5_7,HL7,0.16458047203195458,0.49974711628541546,136
Chamau,full_temporal,1_3_5_7,HL14,0.16458047203195458,0.49974711628541546,136
Chamau,full_temporal,1_3_5_7,all,0.16458047203195458,0.49974711628541535,136
Chamau,full_temporal,3_5_7,none,0.156505994749652,0.48698643142887743,125
Chamau,full_temporal,3_5_7,HL3,0.156505994749652,0.48698643142887743,125
Chamau,full_temporal,3_5_7,HL7,0.156505994749652,0.48698643142887743,125
Chamau,full_temporal,3_5_7,HL14,0.156505994749652,0.48698643142887743,125
Chamau,full_temporal,3_5_7,all,0.156505994749652,0.48698643142887743,125
Chamau A,lags_only,1d,none,0.21724043705584528,0.48428607230283166,37
Chamau A,lags_only,1d,HL3,0.21724043705584528,0.4842860723028316,37
Chamau A,lags_only,1d,HL7,0.21724043705584506,0.4842860723028316,37
Chamau A,lags_only,1d,HL14,0.21724043705584506,0.48428607230283166,37
Chamau A,lags_only,1d,all,0.21724043705584506,0.4842860723028316,37
Chamau A,lags_only,3d,none,0.1381638909922146,0.39523095989424994,37
Chamau A,lags_only,3d,HL3,0.1381638909922146,0.39523095989424994,37
Chamau A,lags_only,3d,HL7,0.1381638909922146,0.39523095989425,37
Chamau A,lags_only,3d,HL14,0.1381638909922146,0.39523095989425006,37
Chamau A,lags_only,3d,all,0.1381638909922146,0.39523095989425006,37
Chamau A,lags_only,5d,none,0.12962346373123157,0.39081101272443064,37
Chamau A,lags_only,5d,HL3,0.12962346373123157,0.39081101272443064,37
Chamau A,lags_only,5d,HL7,0.12962346373123157,0.39081101272443064,37
Chamau A,lags_only,5d,HL14,0.12962346373123157,0.39081101272443064,37
Chamau A,lags_only,5d,all,0.12962346373123157,0.39081101272443064,37
Chamau A,lags_only,7d,none,0.15771744367544238,0.4260356595631962,37
Chamau A,lags_only,7d,HL3,0.1577174436754426,0.4260356595631962,37
Chamau A,lags_only,7d,HL7,0.1577174436754426,0.4260356595631962,37
Chamau A,lags_only,7d,HL14,0.15771744367544238,0.42603565956319617,37
Chamau A,lags_only,7d,all,0.1577174436754426,0.4260356595631962,37
Chamau A,lags_only,1_3_5,none,0.1696712831636813,0.4273100137426017,59
Chamau A,lags_only,1_3_5,HL3,0.1696712831636813,0.4273100137426018,59
Chamau A,lags_only,1_3_5,HL7,0.1696712831636813,0.42731001374260175,59
Chamau A,lags_only,1_3_5,HL14,0.1696712831636813,0.4273100137426017,59
Chamau A,lags_only,1_3_5,all,0.1696712831636813,0.4273100137426017,59
Chamau A,lags_only,1_3_5_7,none,0.1591676914023753,0.41887626454447324,70
Chamau A,lags_only,1_3_5_7,HL3,0.1591676914023753,0.41887626454447324,70
Chamau A,lags_only,1_3_5_7,HL7,0.1591676914023753,0.41887626454447324,70
Chamau A,lags_only,1_3_5_7,HL14,0.1591676914023753,0.4188762645444732,70
Chamau A,lags_only,1_3_5_7,all,0.1591676914023753,0.41887626454447313,70
Chamau A,lags_only,3_5_7,none,0.12071962409876347,0.3755372619722738,59
Chamau A,lags_only,3_5_7,HL3,0.12071962409876347,0.3755372619722738,59
Chamau A,lags_only,3_5_7,HL7,0.12071962409876347,0.37553726197227383,59
Chamau A,lags_only,3_5_7,HL14,0.12071962409876347,0.37553726197227383,59
Chamau A,lags_only,3_5_7,all,0.12071962409876347,0.37553726197227383,59
Chamau A,roll_mean_only,1d,none,0.18049290999906697,0.4407572374715573,92
Chamau A,roll_mean_only,1d,HL3,0.18049290999906675,0.44075723747155726,92
Chamau A,roll_mean_only,1d,HL7,0.18049290999906675,0.4407572374715573,92
Chamau A,roll_mean_only,1d,HL14,0.18049290999906697,0.4407572374715573,92
Chamau A,roll_mean_only,1d,all,0.18049290999906675,0.4407572374715573,92
Chamau A,roll_mean_only,3d,none,0.18049290999906675,0.4407572374715573,92
Chamau A,roll_mean_only,3d,HL3,0.18049290999906675,0.4407572374715573,92
Chamau A,roll_mean_only,3d,HL7,0.18049290999906675,0.4407572374715573,92
Chamau A,roll_mean_only,3d,HL14,0.18049290999906675,0.44075723747155726,92
Chamau A,roll_mean_only,3d,all,0.18049290999906675,0.44075723747155726,92
Chamau A,roll_mean_only,5d,none,0.18049290999906675,0.4407572374715573,92
Chamau A,roll_mean_only,5d,HL3,0.18049290999906675,0.4407572374715573,92
Chamau A,roll_mean_only,5d,HL7,0.18049290999906675,0.4407572374715573,92
Chamau A,roll_mean_only,5d,HL14,0.18049290999906675,0.4407572374715574,92
Chamau A,roll_mean_only,5d,all,0.18049290999906675,0.4407572374715573,92
Chamau A,roll_mean_only,7d,none,0.18049290999906675,0.4407572374715573,92
Chamau A,roll_mean_only,7d,HL3,0.18049290999906697,0.4407572374715573,92
Chamau A,roll_mean_only,7d,HL7,0.18049290999906675,0.4407572374715572,92
Chamau A,roll_mean_only,7d,HL14,0.18049290999906675,0.44075723747155726,92
Chamau A,roll_mean_only,7d,all,0.18049290999906675,0.44075723747155726,92
Chamau A,roll_mean_only,1_3_5,none,0.18049290999906675,0.4407572374715573,92
Chamau A,roll_mean_only,1_3_5,HL3,0.18049290999906675,0.4407572374715573,92
Chamau A,roll_mean_only,1_3_5,HL7,0.18049290999906675,0.4407572374715573,92
Chamau A,roll_mean_only,1_3_5,HL14,0.18049290999906675,0.4407572374715573,92
Chamau A,roll_mean_only,1_3_5,all,0.18049290999906675,0.44075723747155726,92
Chamau A,roll_mean_only,1_3_5_7,none,0.18049290999906675,0.44075723747155726,92
Chamau A,roll_mean_only,1_3_5_7,HL3,0.18049290999906675,0.4407572374715573,92
Chamau A,roll_mean_only,1_3_5_7,HL7,0.18049290999906675,0.4407572374715574,92
Chamau A,roll_mean_only,1_3_5_7,HL14,0.18049290999906675,0.4407572374715573,92
Chamau A,roll_mean_only,1_3_5_7,all,0.18049290999906675,0.4407572374715574,92
Chamau A,roll_mean_only,3_5_7,none,0.18049290999906675,0.4407572374715572,92
Chamau A,roll_mean_only,3_5_7,HL3,0.18049290999906675,0.4407572374715573,92
Chamau A,roll_mean_only,3_5_7,HL7,0.18049290999906675,0.4407572374715573,92
Chamau A,roll_mean_only,3_5_7,HL14,0.18049290999906675,0.44075723747155726,92
Chamau A,roll_mean_only,3_5_7,all,0.18049290999906675,0.4407572374715573,92
Chamau A,roll_sum_only,1d,none,0.18049290999906675,0.4407572374715573,92
Chamau A,roll_sum_only,1d,HL3,0.18049290999906675,0.44075723747155726,92
Chamau A,roll_sum_only,1d,HL7,0.18049290999906675,0.4407572374715574,92
Chamau A,roll_sum_only,1d,HL14,0.18049290999906675,0.4407572374715574,92
Chamau A,roll_sum_only,1d,all,0.18049290999906675,0.4407572374715572,92
Chamau A,roll_sum_only,3d,none,0.18049290999906675,0.4407572374715572,92
Chamau A,roll_sum_only,3d,HL3,0.18049290999906675,0.4407572374715573,92
Chamau A,roll_sum_only,3d,HL7,0.18049290999906675,0.44075723747155726,92
Chamau A,roll_sum_only,3d,HL14,0.18049290999906675,0.44075723747155726,92
Chamau A,roll_sum_only,3d,all,0.18049290999906697,0.4407572374715573,92
Chamau A,roll_sum_only,5d,none,0.18049290999906675,0.4407572374715574,92
Chamau A,roll_sum_only,5d,HL3,0.18049290999906697,0.4407572374715574,92
Chamau A,roll_sum_only,5d,HL7,0.18049290999906675,0.4407572374715573,92
Chamau A,roll_sum_only,5d,HL14,0.18049290999906675,0.4407572374715574,92
Chamau A,roll_sum_only,5d,all,0.18049290999906675,0.4407572374715574,92
Chamau A,roll_sum_only,7d,none,0.18049290999906675,0.4407572374715572,92
Chamau A,roll_sum_only,7d,HL3,0.18049290999906675,0.4407572374715573,92
Chamau A,roll_sum_only,7d,HL7,0.18049290999906675,0.4407572374715574,92
Chamau A,roll_sum_only,7d,HL14,0.18049290999906675,0.44075723747155726,92
Chamau A,roll_sum_only,7d,all,0.18049290999906675,0.44075723747155726,92
Chamau A,roll_sum_only,1_3_5,none,0.18049290999906697,0.4407572374715573,92
Chamau A,roll_sum_only,1_3_5,HL3,0.18049290999906675,0.44075723747155726,92
Chamau A,roll_sum_only,1_3_5,HL7,0.18049290999906675,0.4407572374715572,92
Chamau A,roll_sum_only,1_3_5,HL14,0.18049290999906675,0.4407572374715573,92
Chamau A,roll_sum_only,1_3_5,all,0.18049290999906709,0.4407572374715573,92
Chamau A,roll_sum_only,1_3_5_7,none,0.18049290999906675,0.4407572374715573,92
Chamau A,roll_sum_only,1_3_5_7,HL3,0.18049290999906675,0.4407572374715573,92
Chamau A,roll_sum_only,1_3_5_7,HL7,0.18049290999906675,0.4407572374715573,92
Chamau A,roll_sum_only,1_3_5_7,HL14,0.18049290999906675,0.4407572374715573,92
Chamau A,roll_sum_only,1_3_5_7,all,0.18049290999906675,0.44075723747155726,92
Chamau A,roll_sum_only,3_5_7,none,0.18049290999906675,0.44075723747155726,92
Chamau A,roll_sum_only,3_5_7,HL3,0.18049290999906675,0.4407572374715573,92
Chamau A,roll_sum_only,3_5_7,HL7,0.18049290999906675,0.4407572374715574,92
Chamau A,roll_sum_only,3_5_7,HL14,0.18049290999906675,0.4407572374715573,92
Chamau A,roll_sum_only,3_5_7,all,0.18049290999906675,0.4407572374715573,92
Chamau A,lags_plus_roll,1d,none,0.2046250550924671,0.46674728367345264,103
Chamau A,lags_plus_roll,1d,HL3,0.2046250550924672,0.4667472836734527,103
Chamau A,lags_plus_roll,1d,HL7,0.2046250550924672,0.4667472836734527,103
Chamau A,lags_plus_roll,1d,HL14,0.2046250550924671,0.4667472836734527,103
Chamau A,lags_plus_roll,1d,all,0.2046250550924671,0.4667472836734526,103
Chamau A,lags_plus_roll,3d,none,0.1843103930711878,0.4484819984889461,103
Chamau A,lags_plus_roll,3d,HL3,0.1843103930711878,0.4484819984889461,103
Chamau A,lags_plus_roll,3d,HL7,0.1843103930711879,0.4484819984889461,103
Chamau A,lags_plus_roll,3d,HL14,0.1843103930711878,0.4484819984889461,103
Chamau A,lags_plus_roll,3d,all,0.1843103930711878,0.4484819984889461,103
Chamau A,lags_plus_roll,5d,none,0.20232346207070906,0.46314098028074835,103
Chamau A,lags_plus_roll,5d,HL3,0.20232346207070917,0.4631409802807483,103
Chamau A,lags_plus_roll,5d,HL7,0.20232346207070906,0.46314098028074835,103
Chamau A,lags_plus_roll,5d,HL14,0.20232346207070906,0.4631409802807484,103
Chamau A,lags_plus_roll,5d,all,0.20232346207070906,0.4631409802807484,103
Chamau A,lags_plus_roll,7d,none,0.18742921584116523,0.4488455434133926,103
Chamau A,lags_plus_roll,7d,HL3,0.18742921584116534,0.4488455434133926,103
Chamau A,lags_plus_roll,7d,HL7,0.18742921584116534,0.4488455434133926,103
Chamau A,lags_plus_roll,7d,HL14,0.18742921584116523,0.4488455434133927,103
Chamau A,lags_plus_roll,7d,all,0.18742921584116523,0.4488455434133926,103
Chamau A,lags_plus_roll,1_3_5,none,0.20253581497410955,0.46552622809096994,125
Chamau A,lags_plus_roll,1_3_5,HL3,0.20253581497410955,0.4655262280909699,125
Chamau A,lags_plus_roll,1_3_5,HL7,0.20253581497410955,0.46552622809096994,125
Chamau A,lags_plus_roll,1_3_5,HL14,0.20253581497410955,0.46552622809097,125
Chamau A,lags_plus_roll,1_3_5,all,0.20253581497410955,0.4655262280909699,125
Chamau A,lags_plus_roll,1_3_5_7,none,0.21537672479261682,0.4804792372508034,136
Chamau A,lags_plus_roll,1_3_5_7,HL3,0.21537672479261682,0.4804792372508034,136
Chamau A,lags_plus_roll,1_3_5_7,HL7,0.21537672479261682,0.4804792372508033,136
Chamau A,lags_plus_roll,1_3_5_7,HL14,0.21537672479261682,0.4804792372508033,136
Chamau A,lags_plus_roll,1_3_5_7,all,0.21537672479261682,0.4804792372508034,136
Chamau A,lags_plus_roll,3_5_7,none,0.1930337469505038,0.4562548505156511,125
Chamau A,lags_plus_roll,3_5_7,HL3,0.1930337469505038,0.45625485051565107,125
Chamau A,lags_plus_roll,3_5_7,HL7,0.1930337469505039,0.4562548505156511,125
Chamau A,lags_plus_roll,3_5_7,HL14,0.1930337469505038,0.45625485051565107,125
Chamau A,lags_plus_roll,3_5_7,all,0.1930337469505038,0.45625485051565107,125
Chamau A,full_temporal,1d,none,0.2046250550924671,0.4667472836734527,103
Chamau A,full_temporal,1d,HL3,0.2046250550924671,0.46674728367345264,103
Chamau A,full_temporal,1d,HL7,0.2046250550924672,0.4667472836734527,103
Chamau A,full_temporal,1d,HL14,0.2046250550924672,0.4667472836734526,103
Chamau A,full_temporal,1d,all,0.2046250550924671,0.46674728367345264,103
Chamau A,full_temporal,3d,none,0.1843103930711878,0.4484819984889461,103
Chamau A,full_temporal,3d,HL3,0.1843103930711878,0.4484819984889461,103
Chamau A,full_temporal,3d,HL7,0.1843103930711878,0.4484819984889461,103
Chamau A,full_temporal,3d,HL14,0.1843103930711878,0.4484819984889462,103
Chamau A,full_temporal,3d,all,0.1843103930711879,0.44848199848894615,103
Chamau A,full_temporal,5d,none,0.20232346207070906,0.46314098028074835,103
Chamau A,full_temporal,5d,HL3,0.20232346207070917,0.4631409802807484,103
Chamau A,full_temporal,5d,HL7,0.20232346207070917,0.4631409802807484,103
Chamau A,full_temporal,5d,HL14,0.20232346207070906,0.4631409802807484,103
Chamau A,full_temporal,5d,all,0.20232346207070917,0.4631409802807484,103
Chamau A,full_temporal,7d,none,0.18742921584116523,0.4488455434133926,103
Chamau A,full_temporal,7d,HL3,0.18742921584116523,0.4488455434133926,103
Chamau A,full_temporal,7d,HL7,0.18742921584116534,0.44884554341339267,103
Chamau A,full_temporal,7d,HL14,0.18742921584116523,0.4488455434133926,103
Chamau A,full_temporal,7d,all,0.18742921584116534,0.4488455434133926,103
Chamau A,full_temporal,1_3_5,none,0.20253581497410955,0.46552622809097,125
Chamau A,full_temporal,1_3_5,HL3,0.20253581497410955,0.46552622809097,125
Chamau A,full_temporal,1_3_5,HL7,0.20253581497410955,0.4655262280909699,125
Chamau A,full_temporal,1_3_5,HL14,0.20253581497410955,0.46552622809096994,125
Chamau A,full_temporal,1_3_5,all,0.20253581497410955,0.4655262280909699,125
Chamau A,full_temporal,1_3_5_7,none,0.21537672479261682,0.4804792372508034,136
Chamau A,full_temporal,1_3_5_7,HL3,0.21537672479261682,0.4804792372508033,136
Chamau A,full_temporal,1_3_5_7,HL7,0.21537672479261682,0.4804792372508033,136
Chamau A,full_temporal,1_3_5_7,HL14,0.21537672479261682,0.4804792372508033,136
Chamau A,full_temporal,1_3_5_7,all,0.21537672479261682,0.4804792372508033,136
Chamau A,full_temporal,3_5_7,none,0.1930337469505038,0.456254850515651,125
Chamau A,full_temporal,3_5_7,HL3,0.1930337469505038,0.4562548505156511,125
Chamau A,full_temporal,3_5_7,HL7,0.1930337469505038,0.45625485051565107,125
Chamau A,full_temporal,3_5_7,HL14,0.1930337469505038,0.4562548505156511,125
Chamau A,full_temporal,3_5_7,all,0.1930337469505038,0.45625485051565107,125
Chamau B,lags_only,1d,none,-0.11216128282291504,0.39335011531298103,37
Chamau B,lags_only,1d,HL3,-0.11216128282291504,0.39335011531298103,37
Chamau B,lags_only,1d,HL7,-0.11216128282291504,0.393350115312981,37
Chamau B,lags_only,1d,HL14,-0.11216128282291504,0.393350115312981,37
Chamau B,lags_only,1d,all,-0.11216128282291504,0.39335011531298103,37
Chamau B,lags_only,3d,none,-0.11702287693208135,0.39252453001528176,37
Chamau B,lags_only,3d,HL3,-0.11702287693208135,0.3925245300152817,37
Chamau B,lags_only,3d,HL7,-0.11702287693208158,0.39252453001528176,37
Chamau B,lags_only,3d,HL14,-0.11702287693208135,0.39252453001528176,37
Chamau B,lags_only,3d,all,-0.11702287693208135,0.39252453001528176,37
Chamau B,lags_only,5d,none,-0.10746164869240804,0.38647576749611556,37
Chamau B,lags_only,5d,HL3,-0.10746164869240804,0.3864757674961156,37
Chamau B,lags_only,5d,HL7,-0.10746164869240782,0.3864757674961156,37
Chamau B,lags_only,5d,HL14,-0.10746164869240782,0.38647576749611556,37
Chamau B,lags_only,5d,all,-0.10746164869240782,0.38647576749611556,37
Chamau B,lags_only,7d,none,-0.11751282130637919,0.3827588760343892,37
Chamau B,lags_only,7d,HL3,-0.11751282130637897,0.38275887603438924,37
Chamau B,lags_only,7d,HL7,-0.11751282130637919,0.3827588760343892,37
Chamau B,lags_only,7d,HL14,-0.11751282130637897,0.38275887603438913,37
Chamau B,lags_only,7d,all,-0.11751282130637897,0.3827588760343892,37
Chamau B,lags_only,1_3_5,none,-0.11122465929899095,0.3558787631681797,59
Chamau B,lags_only,1_3_5,HL3,-0.11122465929899095,0.3558787631681797,59
Chamau B,lags_only,1_3_5,HL7,-0.11122465929899095,0.3558787631681797,59
Chamau B,lags_only,1_3_5,HL14,-0.11122465929899095,0.3558787631681797,59
Chamau B,lags_only,1_3_5,all,-0.11122465929899095,0.3558787631681797,59
Chamau B,lags_only,1_3_5_7,none,-0.12630901718601617,0.3068031955280067,70
Chamau B,lags_only,1_3_5_7,HL3,-0.1263090171860164,0.3068031955280067,70
Chamau B,lags_only,1_3_5_7,HL7,-0.1263090171860164,0.30680319552800667,70
Chamau B,lags_only,1_3_5_7,HL14,-0.1263090171860164,0.3068031955280067,70
Chamau B,lags_only,1_3_5_7,all,-0.1263090171860164,0.3068031955280067,70
Chamau B,lags_only,3_5_7,none,-0.12435170081003499,0.33080541778935296,59
Chamau B,lags_only,3_5_7,HL3,-0.12435170081003499,0.3308054177893529,59
Chamau B,lags_only,3_5_7,HL7,-0.12435170081003522,0.3308054177893529,59
Chamau B,lags_only,3_5_7,HL14,-0.12435170081003522,0.3308054177893529,59
Chamau B,lags_only,3_5_7,all,-0.12435170081003499,0.3308054177893529,59
Chamau B,roll_mean_only,1d,none,-0.03200020479042709,0.5591070495859496,92
Chamau B,roll_mean_only,1d,HL3,-0.03200020479042709,0.5591070495859495,92
Chamau B,roll_mean_only,1d,HL7,-0.03200020479042709,0.5591070495859496,92
Chamau B,roll_mean_only,1d,HL14,-0.03200020479042709,0.5591070495859496,92
Chamau B,roll_mean_only,1d,all,-0.03200020479042709,0.5591070495859496,92
Chamau B,roll_mean_only,3d,none,-0.03200020479042709,0.5591070495859496,92
Chamau B,roll_mean_only,3d,HL3,-0.03200020479042709,0.5591070495859496,92
Chamau B,roll_mean_only,3d,HL7,-0.03200020479042709,0.5591070495859496,92
Chamau B,roll_mean_only,3d,HL14,-0.03200020479042709,0.5591070495859496,92
Chamau B,roll_mean_only,3d,all,-0.03200020479042709,0.5591070495859495,92
Chamau B,roll_mean_only,5d,none,-0.03200020479042709,0.5591070495859496,92
Chamau B,roll_mean_only,5d,HL3,-0.03200020479042709,0.5591070495859495,92
Chamau B,roll_mean_only,5d,HL7,-0.03200020479042709,0.5591070495859496,92
Chamau B,roll_mean_only,5d,HL14,-0.03200020479042709,0.5591070495859496,92
Chamau B,roll_mean_only,5d,all,-0.03200020479042709,0.5591070495859496,92
Chamau B,roll_mean_only,7d,none,-0.03200020479042709,0.5591070495859496,92
Chamau B,roll_mean_only,7d,HL3,-0.03200020479042709,0.5591070495859494,92
Chamau B,roll_mean_only,7d,HL7,-0.03200020479042709,0.5591070495859496,92
Chamau B,roll_mean_only,7d,HL14,-0.03200020479042709,0.5591070495859496,92
Chamau B,roll_mean_only,7d,all,-0.03200020479042709,0.5591070495859496,92
Chamau B,roll_mean_only,1_3_5,none,-0.03200020479042709,0.5591070495859496,92
Chamau B,roll_mean_only,1_3_5,HL3,-0.03200020479042709,0.5591070495859496,92
Chamau B,roll_mean_only,1_3_5,HL7,-0.03200020479042709,0.5591070495859496,92
Chamau B,roll_mean_only,1_3_5,HL14,-0.03200020479042709,0.5591070495859496,92
Chamau B,roll_mean_only,1_3_5,all,-0.03200020479042709,0.5591070495859495,92
Chamau B,roll_mean_only,1_3_5_7,none,-0.03200020479042709,0.5591070495859496,92
Chamau B,roll_mean_only,1_3_5_7,HL3,-0.03200020479042709,0.5591070495859495,92
Chamau B,roll_mean_only,1_3_5_7,HL7,-0.03200020479042709,0.5591070495859496,92
Chamau B,roll_mean_only,1_3_5_7,HL14,-0.03200020479042709,0.5591070495859496,92
Chamau B,roll_mean_only,1_3_5_7,all,-0.03200020479042709,0.5591070495859496,92
Chamau B,roll_mean_only,3_5_7,none,-0.03200020479042709,0.5591070495859496,92
Chamau B,roll_mean_only,3_5_7,HL3,-0.03200020479042709,0.5591070495859496,92
Chamau B,roll_mean_only,3_5_7,HL7,-0.03200020479042709,0.5591070495859496,92
Chamau B,roll_mean_only,3_5_7,HL14,-0.03200020479042709,0.5591070495859496,92
Chamau B,roll_mean_only,3_5_7,all,-0.03200020479042709,0.5591070495859496,92
Chamau B,roll_sum_only,1d,none,-0.03200020479042709,0.5591070495859496,92
Chamau B,roll_sum_only,1d,HL3,-0.03200020479042709,0.5591070495859496,92
Chamau B,roll_sum_only,1d,HL7,-0.03200020479042709,0.5591070495859495,92
Chamau B,roll_sum_only,1d,HL14,-0.03200020479042709,0.5591070495859496,92
Chamau B,roll_sum_only,1d,all,-0.03200020479042709,0.5591070495859495,92
Chamau B,roll_sum_only,3d,none,-0.03200020479042709,0.5591070495859496,92
Chamau B,roll_sum_only,3d,HL3,-0.03200020479042709,0.5591070495859496,92
Chamau B,roll_sum_only,3d,HL7,-0.03200020479042709,0.5591070495859496,92
Chamau B,roll_sum_only,3d,HL14,-0.03200020479042709,0.5591070495859496,92
Chamau B,roll_sum_only,3d,all,-0.03200020479042709,0.5591070495859496,92
Chamau B,roll_sum_only,5d,none,-0.03200020479042709,0.5591070495859496,92
Chamau B,roll_sum_only,5d,HL3,-0.03200020479042709,0.5591070495859495,92
Chamau B,roll_sum_only,5d,HL7,-0.03200020479042709,0.5591070495859496,92
Chamau B,roll_sum_only,5d,HL14,-0.03200020479042709,0.5591070495859496,92
Chamau B,roll_sum_only,5d,all,-0.03200020479042709,0.5591070495859495,92
Chamau B,roll_sum_only,7d,none,-0.03200020479042709,0.5591070495859496,92
Chamau B,roll_sum_only,7d,HL3,-0.03200020479042709,0.5591070495859496,92
Chamau B,roll_sum_only,7d,HL7,-0.03200020479042709,0.5591070495859496,92
Chamau B,roll_sum_only,7d,HL14,-0.03200020479042709,0.5591070495859496,92
Chamau B,roll_sum_only,7d,all,-0.03200020479042709,0.5591070495859496,92
Chamau B,roll_sum_only,1_3_5,none,-0.03200020479042709,0.5591070495859496,92
Chamau B,roll_sum_only,1_3_5,HL3,-0.03200020479042709,0.5591070495859496,92
Chamau B,roll_sum_only,1_3_5,HL7,-0.03200020479042709,0.5591070495859496,92
Chamau B,roll_sum_only,1_3_5,HL14,-0.03200020479042709,0.5591070495859496,92
Chamau B,roll_sum_only,1_3_5,all,-0.03200020479042709,0.5591070495859496,92
Chamau B,roll_sum_only,1_3_5_7,none,-0.03200020479042709,0.5591070495859495,92
Chamau B,roll_sum_only,1_3_5_7,HL3,-0.03200020479042709,0.5591070495859496,92
Chamau B,roll_sum_only,1_3_5_7,HL7,-0.03200020479042709,0.5591070495859496,92
Chamau B,roll_sum_only,1_3_5_7,HL14,-0.03200020479042709,0.5591070495859496,92
Chamau B,roll_sum_only,1_3_5_7,all,-0.03200020479042709,0.5591070495859496,92
Chamau B,roll_sum_only,3_5_7,none,-0.03200020479042709,0.5591070495859496,92
Chamau B,roll_sum_only,3_5_7,HL3,-0.03200020479042709,0.5591070495859496,92
Chamau B,roll_sum_only,3_5_7,HL7,-0.03200020479042709,0.5591070495859496,92
Chamau B,roll_sum_only,3_5_7,HL14,-0.03200020479042709,0.5591070495859496,92
Chamau B,roll_sum_only,3_5_7,all,-0.03200020479042709,0.5591070495859496,92
Chamau B,lags_plus_roll,1d,none,-0.045837885610872764,0.5514878268947673,103
Chamau B,lags_plus_roll,1d,HL3,-0.045837885610872764,0.5514878268947674,103
Chamau B,lags_plus_roll,1d,HL7,-0.045837885610872764,0.5514878268947673,103
Chamau B,lags_plus_roll,1d,HL14,-0.045837885610872764,0.5514878268947673,103
Chamau B,lags_plus_roll,1d,all,-0.045837885610872764,0.5514878268947674,103
Chamau B,lags_plus_roll,3d,none,-0.04020146088888055,0.534123232251313,103
Chamau B,lags_plus_roll,3d,HL3,-0.04020146088888055,0.534123232251313,103
Chamau B,lags_plus_roll,3d,HL7,-0.04020146088888055,0.534123232251313,103
Chamau B,lags_plus_roll,3d,HL14,-0.04020146088888055,0.534123232251313,103
Chamau B,lags_plus_roll,3d,all,-0.04020146088888055,0.534123232251313,103
Chamau B,lags_plus_roll,5d,none,-0.06003390522900731,0.4960826241778741,103
Chamau B,lags_plus_roll,5d,HL3,-0.06003390522900709,0.49608262417787413,103
Chamau B,lags_plus_roll,5d,HL7,-0.06003390522900731,0.49608262417787413,103
Chamau B,lags_plus_roll,5d,HL14,-0.06003390522900731,0.4960826241778742,103
Chamau B,lags_plus_roll,5d,all,-0.06003390522900709,0.4960826241778742,103
Chamau B,lags_plus_roll,7d,none,-0.0626558289015362,0.4236200211044028,103
Chamau B,lags_plus_roll,7d,HL3,-0.0626558289015362,0.42362002110440267,103
Chamau B,lags_plus_roll,7d,HL7,-0.0626558289015362,0.4236200211044028,103
Chamau B,lags_plus_roll,7d,HL14,-0.0626558289015362,0.4236200211044028,103
Chamau B,lags_plus_roll,7d,all,-0.0626558289015362,0.42362002110440267,103
Chamau B,lags_plus_roll,1_3_5,none,-0.06574594551133273,0.49128192043948155,125
Chamau B,lags_plus_roll,1_3_5,HL3,-0.06574594551133273,0.4912819204394815,125
Chamau B,lags_plus_roll,1_3_5,HL7,-0.06574594551133273,0.49128192043948155,125
Chamau B,lags_plus_roll,1_3_5,HL14,-0.06574594551133273,0.4912819204394816,125
Chamau B,lags_plus_roll,1_3_5,all,-0.06574594551133273,0.4912819204394814,125
Chamau B,lags_plus_roll,1_3_5_7,none,-0.06668680343022215,0.42418118686868866,136
Chamau B,lags_plus_roll,1_3_5_7,HL3,-0.06668680343022215,0.42418118686868855,136
Chamau B,lags_plus_roll,1_3_5_7,HL7,-0.06668680343022215,0.42418118686868855,136
Chamau B,lags_plus_roll,1_3_5_7,HL14,-0.06668680343022215,0.42418118686868855,136
Chamau B,lags_plus_roll,1_3_5_7,all,-0.06668680343022215,0.42418118686868855,136
Chamau B,lags_plus_roll,3_5_7,none,-0.07427652196519663,0.435947231932924,125
Chamau B,lags_plus_roll,3_5_7,HL3,-0.07427652196519663,0.43594723193292395,125
Chamau B,lags_plus_roll,3_5_7,HL7,-0.07427652196519663,0.435947231932924,125
Chamau B,lags_plus_roll,3_5_7,HL14,-0.07427652196519663,0.435947231932924,125
Chamau B,lags_plus_roll,3_5_7,all,-0.07427652196519663,0.43594723193292395,125
Chamau B,full_temporal,1d,none,-0.045837885610872764,0.5514878268947672,103
Chamau B,full_temporal,1d,HL3,-0.045837885610872764,0.5514878268947672,103
Chamau B,full_temporal,1d,HL7,-0.045837885610872764,0.5514878268947672,103
Chamau B,full_temporal,1d,HL14,-0.045837885610872764,0.5514878268947672,103
Chamau B,full_temporal,1d,all,-0.045837885610872764,0.5514878268947672,103
Chamau B,full_temporal,3d,none,-0.04020146088888055,0.534123232251313,103
Chamau B,full_temporal,3d,HL3,-0.04020146088888055,0.534123232251313,103
Chamau B,full_temporal,3d,HL7,-0.04020146088888055,0.534123232251313,103
Chamau B,full_temporal,3d,HL14,-0.04020146088888055,0.534123232251313,103
Chamau B,full_temporal,3d,all,-0.04020146088888055,0.534123232251313,103
Chamau B,full_temporal,5d,none,-0.06003390522900709,0.4960826241778742,103
Chamau B,full_temporal,5d,HL3,-0.06003390522900709,0.4960826241778742,103
Chamau B,full_temporal,5d,HL7,-0.06003390522900709,0.4960826241778742,103
Chamau B,full_temporal,5d,HL14,-0.06003390522900731,0.496082624177874,103
Chamau B,full_temporal,5d,all,-0.06003390522900731,0.4960826241778741,103
Chamau B,full_temporal,7d,none,-0.0626558289015362,0.42362002110440267,103
Chamau B,full_temporal,7d,HL3,-0.0626558289015362,0.4236200211044028,103
Chamau B,full_temporal,7d,HL7,-0.0626558289015362,0.4236200211044027,103
Chamau B,full_temporal,7d,HL14,-0.0626558289015362,0.4236200211044028,103
Chamau B,full_temporal,7d,all,-0.0626558289015362,0.4236200211044027,103
Chamau B,full_temporal,1_3_5,none,-0.06574594551133273,0.49128192043948155,125
Chamau B,full_temporal,1_3_5,HL3,-0.06574594551133273,0.4912819204394815,125
Chamau B,full_temporal,1_3_5,HL7,-0.06574594551133273,0.49128192043948143,125
Chamau B,full_temporal,1_3_5,HL14,-0.06574594551133273,0.49128192043948155,125
Chamau B,full_temporal,1_3_5,all,-0.06574594551133273,0.49128192043948143,125
Chamau B,full_temporal,1_3_5_7,none,-0.06668680343022215,0.42418118686868855,136
Chamau B,full_temporal,1_3_5_7,HL3,-0.06668680343022215,0.42418118686868855,136
Chamau B,full_temporal,1_3_5_7,HL7,-0.06668680343022215,0.42418118686868855,136
Chamau B,full_temporal,1_3_5_7,HL14,-0.06668680343022215,0.42418118686868855,136
Chamau B,full_temporal,1_3_5_7,all,-0.06668680343022215,0.42418118686868855,136
Chamau B,full_temporal,3_5_7,none,-0.07427652196519663,0.43594723193292395,125
Chamau B,full_temporal,3_5_7,HL3,-0.07427652196519663,0.435947231932924,125
Chamau B,full_temporal,3_5_7,HL7,-0.07427652196519707,0.43594723193292406,125
Chamau B,full_temporal,3_5_7,HL14,-0.07427652196519663,0.43594723193292395,125
Chamau B,full_temporal,3_5_7,all,-0.07427652196519663,0.435947231932924,125
Aeschi,lags_only,1d,none,-0.9212488692457632,0.37535410240122863,32
Aeschi,lags_only,1d,HL3,-0.9212488692457632,0.3753541024012286,32
Aeschi,lags_only,1d,HL7,-0.9212488692457632,0.37535410240122863,32
Aeschi,lags_only,1d,HL14,-0.9212488692457632,0.3753541024012286,32
Aeschi,lags_only,1d,all,-0.921248869245763,0.3753541024012287,32
Aeschi,lags_only,3d,none,-0.00959386539488416,0.18620903655112103,32
Aeschi,lags_only,3d,HL3,-0.009593865394883938,0.1862090365511209,32
Aeschi,lags_only,3d,HL7,-0.00959386539488416,0.18620903655112106,32
Aeschi,lags_only,3d,HL14,-0.009593865394883938,0.18620903655112114,32
Aeschi,lags_only,3d,all,-0.00959386539488416,0.1862090365511211,32
Aeschi,lags_only,5d,none,-0.4174309110600418,0.15191226258610918,32
Aeschi,lags_only,5d,HL3,-0.4174309110600418,0.15191226258610907,32
Aeschi,lags_only,5d,HL7,-0.4174309110600418,0.1519122625861091,32
Aeschi,lags_only,5d,HL14,-0.4174309110600416,0.15191226258610907,32
Aeschi,lags_only,5d,all,-0.41743091106004204,0.15191226258610907,32
Aeschi,lags_only,7d,none,-0.6481437485564485,0.14219979033158026,32
Aeschi,lags_only,7d,HL3,-0.6481437485564481,0.14219979033158026,32
Aeschi,lags_only,7d,HL7,-0.6481437485564481,0.14219979033158023,32
Aeschi,lags_only,7d,HL14,-0.6481437485564485,0.14219979033158023,32
Aeschi,lags_only,7d,all,-0.6481437485564483,0.14219979033158026,32
Aeschi,lags_only,1_3_5,none,-0.7657387765361063,0.21040467881255934,58
Aeschi,lags_only,1_3_5,HL3,-0.7657387765361068,0.2104046788125593,58
Aeschi,lags_only,1_3_5,HL7,-0.7657387765361066,0.21040467881255942,58
Aeschi,lags_only,1_3_5,HL14,-0.7657387765361068,0.21040467881255936,58
Aeschi,lags_only,1_3_5,all,-0.7657387765361063,0.21040467881255942,58
Aeschi,lags_only,1_3_5_7,none,-0.4341457951052128,0.25436538639221745,71
Aeschi,lags_only,1_3_5_7,HL3,-0.43414579510521323,0.2543653863922172,71
Aeschi,lags_only,1_3_5_7,HL7,-0.43414579510521323,0.2543653863922172,71
Aeschi,lags_only,1_3_5_7,HL14,-0.43414579510521323,0.2543653863922174,71
Aeschi,lags_only,1_3_5_7,all,-0.43414579510521323,0.2543653863922172,71
Aeschi,lags_only,3_5_7,none,-0.3018844763420896,0.16693739806407343,58
Aeschi,lags_only,3_5_7,HL3,-0.30188447634208937,0.16693739806407334,58
Aeschi,lags_only,3_5_7,HL7,-0.3018844763420896,0.16693739806407326,58
Aeschi,lags_only,3_5_7,HL14,-0.3018844763420896,0.16693739806407323,58
Aeschi,lags_only,3_5_7,all,-0.30188447634208937,0.16693739806407337,58
Aeschi,roll_mean_only,1d,none,-1.4385304782235773,0.21074160956026244,97
Aeschi,roll_mean_only,1d,HL3,-1.4385304782235773,0.21074160956026242,97
Aeschi,roll_mean_only,1d,HL7,-1.4385304782235773,0.21074160956026244,97
Aeschi,roll_mean_only,1d,HL14,-1.4385304782235773,0.21074160956026244,97
Aeschi,roll_mean_only,1d,all,-1.4385304782235773,0.21074160956026244,97
Aeschi,roll_mean_only,3d,none,-1.4385304782235782,0.21074160956026244,97
Aeschi,roll_mean_only,3d,HL3,-1.4385304782235773,0.2107416095602625,97
Aeschi,roll_mean_only,3d,HL7,-1.4385304782235773,0.21074160956026233,97
Aeschi,roll_mean_only,3d,HL14,-1.4385304782235777,0.21074160956026244,97
Aeschi,roll_mean_only,3d,all,-1.4385304782235773,0.2107416095602624,97
Aeschi,roll_mean_only,5d,none,-1.4385304782235773,0.21074160956026236,97
Aeschi,roll_mean_only,5d,HL3,-1.4385304782235773,0.21074160956026242,97
Aeschi,roll_mean_only,5d,HL7,-1.4385304782235773,0.21074160956026247,97
Aeschi,roll_mean_only,5d,HL14,-1.4385304782235773,0.2107416095602624,97
Aeschi,roll_mean_only,5d,all,-1.4385304782235782,0.2107416095602624,97
Aeschi,roll_mean_only,7d,none,-1.4385304782235773,0.21074160956026244,97
Aeschi,roll_mean_only,7d,HL3,-1.4385304782235773,0.21074160956026247,97
Aeschi,roll_mean_only,7d,HL7,-1.4385304782235782,0.21074160956026244,97
Aeschi,roll_mean_only,7d,HL14,-1.4385304782235773,0.21074160956026242,97
Aeschi,roll_mean_only,7d,all,-1.4385304782235773,0.21074160956026247,97
Aeschi,roll_mean_only,1_3_5,none,-1.4385304782235773,0.21074160956026242,97
Aeschi,roll_mean_only,1_3_5,HL3,-1.4385304782235773,0.21074160956026244,97
Aeschi,roll_mean_only,1_3_5,HL7,-1.4385304782235782,0.21074160956026247,97
Aeschi,roll_mean_only,1_3_5,HL14,-1.4385304782235773,0.21074160956026247,97
Aeschi,roll_mean_only,1_3_5,all,-1.4385304782235768,0.2107416095602625,97
Aeschi,roll_mean_only,1_3_5_7,none,-1.4385304782235773,0.2107416095602625,97
Aeschi,roll_mean_only,1_3_5_7,HL3,-1.4385304782235773,0.21074160956026244,97
Aeschi,roll_mean_only,1_3_5_7,HL7,-1.4385304782235768,0.2107416095602625,97
Aeschi,roll_mean_only,1_3_5_7,HL14,-1.4385304782235777,0.21074160956026247,97
Aeschi,roll_mean_only,1_3_5_7,all,-1.4385304782235773,0.21074160956026247,97
Aeschi,roll_mean_only,3_5_7,none,-1.4385304782235773,0.2107416095602625,97
Aeschi,roll_mean_only,3_5_7,HL3,-1.4385304782235777,0.2107416095602624,97
Aeschi,roll_mean_only,3_5_7,HL7,-1.4385304782235773,0.21074160956026244,97
Aeschi,roll_mean_only,3_5_7,HL14,-1.4385304782235773,0.21074160956026242,97
Aeschi,roll_mean_only,3_5_7,all,-1.4385304782235773,0.2107416095602624,97
Aeschi,roll_sum_only,1d,none,-1.4385304782235773,0.21074160956026244,97
Aeschi,roll_sum_only,1d,HL3,-1.4385304782235782,0.21074160956026244,97
Aeschi,roll_sum_only,1d,HL7,-1.4385304782235777,0.21074160956026247,97
Aeschi,roll_sum_only,1d,HL14,-1.4385304782235773,0.21074160956026244,97
Aeschi,roll_sum_only,1d,all,-1.4385304782235777,0.21074160956026242,97
Aeschi,roll_sum_only,3d,none,-1.4385304782235773,0.21074160956026244,97
Aeschi,roll_sum_only,3d,HL3,-1.4385304782235773,0.2107416095602625,97
Aeschi,roll_sum_only,3d,HL7,-1.4385304782235773,0.21074160956026244,97
Aeschi,roll_sum_only,3d,HL14,-1.4385304782235773,0.21074160956026242,97
Aeschi,roll_sum_only,3d,all,-1.4385304782235768,0.21074160956026255,97
Aeschi,roll_sum_only,5d,none,-1.4385304782235773,0.21074160956026264,97
Aeschi,roll_sum_only,5d,HL3,-1.4385304782235777,0.21074160956026242,97
Aeschi,roll_sum_only,5d,HL7,-1.4385304782235777,0.2107416095602624,97
Aeschi,roll_sum_only,5d,HL14,-1.4385304782235773,0.2107416095602625,97
Aeschi,roll_sum_only,5d,all,-1.4385304782235773,0.21074160956026244,97
Aeschi,roll_sum_only,7d,none,-1.4385304782235773,0.21074160956026242,97
Aeschi,roll_sum_only,7d,HL3,-1.4385304782235773,0.21074160956026244,97
Aeschi,roll_sum_only,7d,HL7,-1.4385304782235773,0.2107416095602624,97
Aeschi,roll_sum_only,7d,HL14,-1.4385304782235768,0.21074160956026244,97
Aeschi,roll_sum_only,7d,all,-1.4385304782235773,0.21074160956026233,97
Aeschi,roll_sum_only,1_3_5,none,-1.4385304782235777,0.2107416095602624,97
Aeschi,roll_sum_only,1_3_5,HL3,-1.4385304782235773,0.21074160956026247,97
Aeschi,roll_sum_only,1_3_5,HL7,-1.4385304782235768,0.2107416095602625,97
Aeschi,roll_sum_only,1_3_5,HL14,-1.4385304782235773,0.2107416095602624,97
Aeschi,roll_sum_only,1_3_5,all,-1.4385304782235777,0.2107416095602625,97
Aeschi,roll_sum_only,1_3_5_7,none,-1.4385304782235773,0.2107416095602625,97
Aeschi,roll_sum_only,1_3_5_7,HL3,-1.4385304782235777,0.21074160956026242,97
Aeschi,roll_sum_only,1_3_5_7,HL7,-1.4385304782235773,0.21074160956026233,97
Aeschi,roll_sum_only,1_3_5_7,HL14,-1.4385304782235773,0.21074160956026253,97
Aeschi,roll_sum_only,1_3_5_7,all,-1.4385304782235773,0.21074160956026255,97
Aeschi,roll_sum_only,3_5_7,none,-1.4385304782235782,0.21074160956026233,97
Aeschi,roll_sum_only,3_5_7,HL3,-1.4385304782235773,0.2107416095602625,97
Aeschi,roll_sum_only,3_5_7,HL7,-1.4385304782235773,0.21074160956026242,97
Aeschi,roll_sum_only,3_5_7,HL14,-1.4385304782235773,0.21074160956026244,97
Aeschi,roll_sum_only,3_5_7,all,-1.4385304782235773,0.21074160956026242,97
Aeschi,lags_plus_roll,1d,none,-1.361955092582546,0.24460596560467407,110
Aeschi,lags_plus_roll,1d,HL3,-1.361955092582546,0.24460596560467399,110
Aeschi,lags_plus_roll,1d,HL7,-1.3619550925825465,0.24460596560467407,110
Aeschi,lags_plus_roll,1d,HL14,-1.361955092582546,0.24460596560467396,110
Aeschi,lags_plus_roll,1d,all,-1.3619550925825457,0.244605965604674,110
Aeschi,lags_plus_roll,3d,none,-0.027395055538518953,0.12570638310509746,110
Aeschi,lags_plus_roll,3d,HL3,-0.027395055538518953,0.1257063831050974,110
Aeschi,lags_plus_roll,3d,HL7,-0.027395055538518953,0.12570638310509738,110
Aeschi,lags_plus_roll,3d,HL14,-0.02739505553851851,0.12570638310509752,110
Aeschi,lags_plus_roll,3d,all,-0.02739505553851851,0.12570638310509774,110
Aeschi,lags_plus_roll,5d,none,-0.15631114483453157,-0.09286775015496597,110
Aeschi,lags_plus_roll,5d,HL3,-0.15631114483453157,-0.09286775015496612,110
Aeschi,lags_plus_roll,5d,HL7,-0.15631114483453157,-0.09286775015496623,110
Aeschi,lags_plus_roll,5d,HL14,-0.15631114483453135,-0.09286775015496596,110
Aeschi,lags_plus_roll,5d,all,-0.15631114483453157,-0.09286775015496611,110
Aeschi,lags_plus_roll,7d,none,0.0459017755776715,0.24865420762427082,110
Aeschi,lags_plus_roll,7d,HL3,0.04590177557767128,0.24865420762427082,110
Aeschi,lags_plus_roll,7d,HL7,0.0459017755776715,0.24865420762427087,110
Aeschi,lags_plus_roll,7d,HL14,0.0459017755776715,0.24865420762427082,110
Aeschi,lags_plus_roll,7d,all,0.04590177557767128,0.24865420762427076,110
Aeschi,lags_plus_roll,1_3_5,none,-0.12257708160141134,-0.07505844154063626,136
Aeschi,lags_plus_roll,1_3_5,HL3,-0.12257708160141112,-0.0750584415406363,136
Aeschi,lags_plus_roll,1_3_5,HL7,-0.12257708160141134,-0.07505844154063653,136
Aeschi,lags_plus_roll,1_3_5,HL14,-0.12257708160141134,-0.07505844154063646,136
Aeschi,lags_plus_roll,1_3_5,all,-0.12257708160141112,-0.07505844154063587,136
Aeschi,lags_plus_roll,1_3_5_7,none,-0.1527008043090654,0.07774246229427392,149
Aeschi,lags_plus_roll,1_3_5_7,HL3,-0.1527008043090654,0.07774246229427396,149
Aeschi,lags_plus_roll,1_3_5_7,HL7,-0.1527008043090654,0.07774246229427408,149
Aeschi,lags_plus_roll,1_3_5_7,HL14,-0.1527008043090654,0.07774246229427406,149
Aeschi,lags_plus_roll,1_3_5_7,all,-0.15270080430906563,0.07774246229427391,149
Aeschi,lags_plus_roll,3_5_7,none,-0.16692284038943983,0.10027990016801708,136
Aeschi,lags_plus_roll,3_5_7,HL3,-0.16692284038944027,0.10027990016801683,136
Aeschi,lags_plus_roll,3_5_7,HL7,-0.16692284038943983,0.10027990016801706,136
Aeschi,lags_plus_roll,3_5_7,HL14,-0.16692284038943983,0.10027990016801698,136
Aeschi,lags_plus_roll,3_5_7,all,-0.16692284038943983,0.1002799001680171,136
Aeschi,full_temporal,1d,none,-1.3619550925825465,0.24460596560467393,110
Aeschi,full_temporal,1d,HL3,-1.3619550925825465,0.244605965604674,110
Aeschi,full_temporal,1d,HL7,-1.361955092582546,0.24460596560467407,110
Aeschi,full_temporal,1d,HL14,-1.3619550925825465,0.24460596560467399,110
Aeschi,full_temporal,1d,all,-1.3619550925825465,0.244605965604674,110
Aeschi,full_temporal,3d,none,-0.02739505553851873,0.12570638310509755,110
Aeschi,full_temporal,3d,HL3,-0.027395055538518953,0.12570638310509755,110
Aeschi,full_temporal,3d,HL7,-0.027395055538518953,0.12570638310509738,110
Aeschi,full_temporal,3d,HL14,-0.02739505553851873,0.12570638310509746,110
Aeschi,full_temporal,3d,all,-0.02739505553851873,0.12570638310509732,110
Aeschi,full_temporal,5d,none,-0.15631114483453135,-0.09286775015496587,110
Aeschi,full_temporal,5d,HL3,-0.15631114483453157,-0.09286775015496634,110
Aeschi,full_temporal,5d,HL7,-0.15631114483453157,-0.09286775015496591,110
Aeschi,full_temporal,5d,HL14,-0.15631114483453157,-0.09286775015496618,110
Aeschi,full_temporal,5d,all,-0.15631114483453157,-0.09286775015496596,110
Aeschi,full_temporal,7d,none,0.0459017755776715,0.24865420762427098,110
Aeschi,full_temporal,7d,HL3,0.0459017755776715,0.24865420762427093,110
Aeschi,full_temporal,7d,HL7,0.0459017755776715,0.2486542076242707,110
Aeschi,full_temporal,7d,HL14,0.0459017755776715,0.24865420762427093,110
Aeschi,full_temporal,7d,all,0.0459017755776715,0.24865420762427085,110
Aeschi,full_temporal,1_3_5,none,-0.12257708160141134,-0.07505844154063632,136
Aeschi,full_temporal,1_3_5,HL3,-0.12257708160141112,-0.075058441540636,136
Aeschi,full_temporal,1_3_5,HL7,-0.12257708160141112,-0.0750584415406361,136
Aeschi,full_temporal,1_3_5,HL14,-0.12257708160141112,-0.07505844154063632,136
Aeschi,full_temporal,1_3_5,all,-0.12257708160141112,-0.0750584415406361,136
Aeschi,full_temporal,1_3_5_7,none,-0.1527008043090654,0.077742462294274,149
Aeschi,full_temporal,1_3_5_7,HL3,-0.1527008043090654,0.07774246229427399,149
Aeschi,full_temporal,1_3_5_7,HL7,-0.1527008043090654,0.077742462294274,149
Aeschi,full_temporal,1_3_5_7,HL14,-0.1527008043090654,0.07774246229427408,149
Aeschi,full_temporal,1_3_5_7,all,-0.1527008043090654,0.07774246229427412,149
Aeschi,full_temporal,3_5_7,none,-0.16692284038943983,0.10027990016801704,136
Aeschi,full_temporal,3_5_7,HL3,-0.16692284038944005,0.10027990016801691,136
Aeschi,full_temporal,3_5_7,HL7,-0.16692284038944005,0.1002799001680169,136
Aeschi,full_temporal,3_5_7,HL14,-0.16692284038943983,0.100279900168017,136
Aeschi,full_temporal,3_5_7,all,-0.16692284038943983,0.10027990016801702,136
